breed,stem,score_pretrained,score_sft,prob_pretrained,prob_sft,sft_wins
afghan_hound,afghan_hound_00000,18.13151741027832,18.70686149597168,0.36000463366508484,0.6399953365325928,True
afghan_hound,afghan_hound_00001,19.678037643432617,20.845050811767578,0.2373953014612198,0.7626047730445862,True
afghan_hound,afghan_hound_00002,17.69237518310547,18.458526611328125,0.31731221079826355,0.6826877593994141,True
afghan_hound,afghan_hound_00003,16.785781860351562,17.47157859802246,0.3349687457084656,0.6650311946868896,True
afghan_hound,afghan_hound_00004,18.942697525024414,20.67849349975586,0.14984770119190216,0.8501522541046143,True
afghan_hound,afghan_hound_00005,18.228092193603516,19.983238220214844,0.14739932119846344,0.8526006937026978,True
afghan_hound,afghan_hound_00006,17.686969757080078,17.80933380126953,0.4694471061229706,0.5305529236793518,True
afghan_hound,afghan_hound_00007,19.17793083190918,20.136972427368164,0.27707013487815857,0.7229298949241638,True
afghan_hound,afghan_hound_00008,17.37735939025879,18.75689125061035,0.2010842114686966,0.7989158034324646,True
afghan_hound,afghan_hound_00009,17.882549285888672,19.21074676513672,0.20945768058300018,0.7905423045158386,True
afghan_hound,afghan_hound_00010,18.334247589111328,19.12921142578125,0.31110382080078125,0.6888961791992188,True
afghan_hound,afghan_hound_00011,18.744483947753906,19.566965103149414,0.3052372336387634,0.6947627663612366,True
afghan_hound,afghan_hound_00012,17.813596725463867,18.858749389648438,0.2601570188999176,0.7398430109024048,True
afghan_hound,afghan_hound_00013,19.42828941345215,21.03736686706543,0.16671673953533173,0.8332833051681519,True
afghan_hound,afghan_hound_00014,18.274662017822266,18.9456844329834,0.338267982006073,0.6617320775985718,True
afghan_hound,afghan_hound_00015,18.10553550720215,19.140819549560547,0.2620609700679779,0.7379390597343445,True
afghan_hound,afghan_hound_00016,18.19654655456543,19.52163314819336,0.2099732607603073,0.7900267243385315,True
afghan_hound,afghan_hound_00017,18.148815155029297,19.416046142578125,0.2197316288948059,0.7802683711051941,True
afghan_hound,afghan_hound_00018,18.376995086669922,20.149293899536133,0.14525668323040009,0.8547433018684387,True
afghan_hound,afghan_hound_00019,18.86620330810547,20.649322509765625,0.14391840994358063,0.8560815453529358,True
afghan_hound,afghan_hound_00020,17.14043426513672,19.034473419189453,0.13078461587429047,0.8692153692245483,True
afghan_hound,afghan_hound_00021,18.182701110839844,18.960512161254883,0.31479185819625854,0.6852081418037415,True
afghan_hound,afghan_hound_00022,18.33806800842285,21.525745391845703,0.03963208571076393,0.9603679180145264,True
afghan_hound,afghan_hound_00023,18.100643157958984,19.60947608947754,0.18111181259155273,0.8188881874084473,True
afghan_hound,afghan_hound_00024,18.853805541992188,20.166269302368164,0.2120748609304428,0.787925124168396,True
beagle,beagle_00000,18.52014923095703,19.286697387695312,0.3172262907028198,0.6827737092971802,True
beagle,beagle_00001,18.70073127746582,19.72127914428711,0.264920711517334,0.735079288482666,True
beagle,beagle_00002,18.68334197998047,19.17465591430664,0.37958410382270813,0.6204159259796143,True
beagle,beagle_00003,17.883024215698242,19.302087783813477,0.19480842351913452,0.8051915764808655,True
beagle,beagle_00004,19.89375877380371,20.705690383911133,0.30747905373573303,0.6925209164619446,True
beagle,beagle_00005,17.6326847076416,17.92051887512207,0.4285341799259186,0.5714658498764038,True
beagle,beagle_00006,18.250686645507812,19.627578735351562,0.20150861144065857,0.7984914183616638,True
beagle,beagle_00007,17.957029342651367,19.617765426635742,0.15966320037841797,0.8403367400169373,True
beagle,beagle_00008,18.035858154296875,18.8022518157959,0.3172597289085388,0.6827402114868164,True
beagle,beagle_00009,18.790287017822266,19.488231658935547,0.332268089056015,0.6677319407463074,True
beagle,beagle_00010,18.49100112915039,20.043241500854492,0.17476291954517365,0.8252370357513428,True
beagle,beagle_00011,18.296043395996094,19.32364845275879,0.26354870200157166,0.7364513278007507,True
beagle,beagle_00012,18.4261417388916,19.535797119140625,0.24793516099452972,0.7520648241043091,True
beagle,beagle_00013,17.642803192138672,20.518165588378906,0.053385015577077866,0.9466150403022766,True
beagle,beagle_00014,19.09712028503418,19.401575088500977,0.42446884512901306,0.5755311250686646,True
beagle,beagle_00015,18.625858306884766,19.426851272583008,0.30981314182281494,0.6901867985725403,True
beagle,beagle_00016,18.561798095703125,19.83660888671875,0.21843482553958893,0.7815651893615723,True
beagle,beagle_00017,18.96790885925293,21.02698516845703,0.11313848197460175,0.8868614435195923,True
beagle,beagle_00018,18.57292366027832,19.41974449157715,0.3001002073287964,0.6998997926712036,True
beagle,beagle_00019,18.18840789794922,19.57650375366211,0.19971191883087158,0.8002880215644836,True
beagle,beagle_00020,18.97134017944336,19.884811401367188,0.2862900495529175,0.7137098908424377,True
beagle,beagle_00021,18.88993263244629,19.346603393554688,0.3877759277820587,0.6122241020202637,True
beagle,beagle_00022,19.009923934936523,20.587177276611328,0.17118482291698456,0.8288151621818542,True
beagle,beagle_00023,18.84372901916504,20.08699607849121,0.22386780381202698,0.7761321663856506,True
beagle,beagle_00024,19.5112247467041,21.26694679260254,0.14732694625854492,0.8526730537414551,True
boxer,boxer_00000,19.735210418701172,19.70867347717285,0.5066338181495667,0.4933661222457886,False
boxer,boxer_00001,19.770896911621094,21.363431930541992,0.16902753710746765,0.83097243309021,True
boxer,boxer_00002,18.665454864501953,19.837181091308594,0.23654311895370483,0.7634568810462952,True
boxer,boxer_00003,18.09720802307129,18.988407135009766,0.29086244106292725,0.7091375589370728,True
boxer,boxer_00004,19.043312072753906,19.79435920715332,0.3205931782722473,0.6794068217277527,True
boxer,boxer_00005,18.02383041381836,18.16127586364746,0.4656926393508911,0.5343073606491089,True
boxer,boxer_00006,17.93345832824707,18.833316802978516,0.28907960653305054,0.7109204530715942,True
boxer,boxer_00007,18.61553955078125,19.447675704956055,0.303193598985672,0.6968064308166504,True
boxer,boxer_00008,18.5505428314209,18.866641998291016,0.4216266870498657,0.5783732533454895,True
boxer,boxer_00009,17.14485740661621,19.244230270385742,0.10915779322385788,0.8908422589302063,True
boxer,boxer_00010,18.69779396057129,19.948408126831055,0.22259382903575897,0.7774061560630798,True
boxer,boxer_00011,18.822999954223633,20.842857360839844,0.1171337440609932,0.8828662037849426,True
boxer,boxer_00012,18.48979377746582,19.334808349609375,0.3004797101020813,0.6995202898979187,True
boxer,boxer_00013,18.285072326660156,19.491037368774414,0.23041576147079468,0.7695842385292053,True
boxer,boxer_00014,18.48754119873047,19.221214294433594,0.3243892192840576,0.6756107807159424,True
boxer,boxer_00015,17.900299072265625,18.831453323364258,0.2826906144618988,0.7173094153404236,True
boxer,boxer_00016,18.771183013916016,19.806909561157227,0.26197540760040283,0.7380245923995972,True
boxer,boxer_00017,17.771484375,18.333303451538086,0.3631266951560974,0.6368733644485474,True
boxer,boxer_00018,18.393779754638672,18.668773651123047,0.4316815137863159,0.5683184862136841,True
boxer,boxer_00019,17.9095458984375,19.35535430908203,0.19064749777317047,0.809352457523346,True
boxer,boxer_00020,17.81806182861328,19.01551055908203,0.23192939162254333,0.768070638179779,True
boxer,boxer_00021,17.56825065612793,18.559038162231445,0.2707565426826477,0.7292433977127075,True
boxer,boxer_00022,16.599950790405273,16.89031982421875,0.4279135465621948,0.5720864534378052,True
boxer,boxer_00023,18.733579635620117,20.271020889282227,0.17690755426883698,0.8230924606323242,True
boxer,boxer_00024,18.892379760742188,20.717884063720703,0.13877472281455994,0.8612252473831177,True
chihuahua,chihuahua_00000,18.01032066345215,20.635953903198242,0.0675068199634552,0.9324932098388672,True
chihuahua,chihuahua_00001,18.967844009399414,20.589447021484375,0.16498389840126038,0.8350160717964172,True
chihuahua,chihuahua_00002,17.602773666381836,18.494874954223633,0.29067638516426086,0.7093236446380615,True
chihuahua,chihuahua_00003,18.553913116455078,19.709875106811523,0.23940178751945496,0.7605981826782227,True
chihuahua,chihuahua_00004,18.223134994506836,19.309354782104492,0.2523307800292969,0.7476692199707031,True
chihuahua,chihuahua_00005,18.03150177001953,20.272968292236328,0.09608808904886246,0.9039118885993958,True
chihuahua,chihuahua_00006,17.627723693847656,20.258296966552734,0.06719651073217392,0.9328035116195679,True
chihuahua,chihuahua_00007,18.04085350036621,19.690160751342773,0.1612025946378708,0.838797390460968,True
chihuahua,chihuahua_00008,16.230186462402344,17.877351760864258,0.16149242222309113,0.8385075330734253,True
chihuahua,chihuahua_00009,17.001123428344727,19.63789176940918,0.06680923700332642,0.9331908226013184,True
chihuahua,chihuahua_00010,18.98060417175293,19.654247283935547,0.3376815617084503,0.6623184084892273,True
chihuahua,chihuahua_00011,17.902599334716797,19.253986358642578,0.2056436985731125,0.7943563461303711,True
chihuahua,chihuahua_00012,17.71349334716797,19.779767990112305,0.11241821199655533,0.8875817656517029,True
chihuahua,chihuahua_00013,17.226350784301758,18.086761474609375,0.2972535490989685,0.7027464509010315,True
chihuahua,chihuahua_00014,16.982269287109375,18.169227600097656,0.233803391456604,0.766196608543396,True
chihuahua,chihuahua_00015,17.941059112548828,17.904582977294922,0.5091180205345154,0.4908819794654846,False
chihuahua,chihuahua_00016,19.24646759033203,19.978281021118164,0.3247969150543213,0.6752030849456787,True
chihuahua,chihuahua_00017,17.684288024902344,19.2683162689209,0.17022573947906494,0.8297742605209351,True
chihuahua,chihuahua_00018,18.249820709228516,18.999074935913086,0.3209838271141052,0.6790161728858948,True
chihuahua,chihuahua_00019,17.282176971435547,18.60881805419922,0.20971551537513733,0.7902844548225403,True
chihuahua,chihuahua_00020,16.800378799438477,18.46682357788086,0.1588987559080124,0.8411012291908264,True
chihuahua,chihuahua_00021,18.267412185668945,19.859439849853516,0.16909880936145782,0.8309012055397034,True
chihuahua,chihuahua_00022,17.466440200805664,20.13213539123535,0.06502820551395416,0.934971809387207,True
chihuahua,chihuahua_00023,18.406614303588867,19.652090072631836,0.22348429262638092,0.7765157222747803,True
chihuahua,chihuahua_00024,18.12458038330078,19.080596923828125,0.27767646312713623,0.7223235368728638,True
chow,chow_00000,19.089332580566406,19.457162857055664,0.4090653955936432,0.5909345746040344,True
chow,chow_00001,18.43567657470703,19.6362361907959,0.23137567937374115,0.7686243653297424,True
chow,chow_00002,18.68263053894043,20.166765213012695,0.18480372428894043,0.8151962757110596,True
chow,chow_00003,18.193387985229492,19.18102264404297,0.2713795602321625,0.7286204695701599,True
chow,chow_00004,18.97446632385254,19.884601593017578,0.28697216510772705,0.713027834892273,True
chow,chow_00005,17.623815536499023,19.051555633544922,0.19345104694366455,0.8065488934516907,True
chow,chow_00006,17.531339645385742,19.63349151611328,0.10888784378767014,0.8911121487617493,True
chow,chow_00007,18.232297897338867,19.81450080871582,0.17048372328281403,0.8295162916183472,True
chow,chow_00008,18.197641372680664,19.8134822845459,0.165779247879982,0.8342207074165344,True
chow,chow_00009,18.336830139160156,19.263551712036133,0.28359031677246094,0.7164096832275391,True
chow,chow_00010,18.53499412536621,19.724905014038086,0.23327487707138062,0.7667251229286194,True
chow,chow_00011,16.912689208984375,18.207178115844727,0.21509400010108948,0.7849060297012329,True
chow,chow_00012,18.853044509887695,19.967077255249023,0.24711982905864716,0.7528801560401917,True
chow,chow_00013,18.015478134155273,18.760656356811523,0.32187286019325256,0.6781271696090698,True
chow,chow_00014,18.046302795410156,19.95060157775879,0.1296227127313614,0.8703773617744446,True
chow,chow_00015,19.047523498535156,20.93300437927246,0.1317605972290039,0.8682394027709961,True
chow,chow_00016,17.644113540649414,18.60689926147461,0.27632078528404236,0.7236791849136353,True
chow,chow_00017,17.16413688659668,18.63616180419922,0.18663503229618073,0.8133649826049805,True
chow,chow_00018,18.21522331237793,18.818763732910156,0.35353413224220276,0.6464658379554749,True
chow,chow_00019,18.354894638061523,18.661542892456055,0.4239330589771271,0.5760669112205505,True
chow,chow_00020,17.72849464416504,18.292722702026367,0.36256974935531616,0.6374303102493286,True
chow,chow_00021,17.755464553833008,19.125709533691406,0.2025802582502365,0.7974196672439575,True
chow,chow_00022,17.87911033630371,19.835636138916016,0.12384353578090668,0.8761565089225769,True
chow,chow_00023,18.963516235351562,19.12284278869629,0.4602523744106293,0.5397475957870483,True
chow,chow_00024,19.677642822265625,19.812957763671875,0.4662227928638458,0.5337772369384766,True
corgi,corgi_00000,20.330015182495117,20.37331771850586,0.48917606472969055,0.5108239054679871,True
corgi,corgi_00001,17.398481369018555,19.6920108795166,0.0916602611541748,0.9083396792411804,True
corgi,corgi_00002,17.15534019470215,18.523496627807617,0.20291785895824432,0.7970821261405945,True
corgi,corgi_00003,18.543136596679688,19.254684448242188,0.32925689220428467,0.6707430481910706,True
corgi,corgi_00004,17.723526000976562,18.88226890563965,0.23889578878879547,0.761104166507721,True
corgi,corgi_00005,18.154130935668945,18.769092559814453,0.3509282171726227,0.6490718126296997,True
corgi,corgi_00006,18.275819778442383,20.409711837768555,0.10584606975317001,0.8941539525985718,True
corgi,corgi_00007,19.355480194091797,19.973941802978516,0.35013142228126526,0.6498686075210571,True
corgi,corgi_00008,18.894346237182617,20.35991096496582,0.1876177042722702,0.8123823404312134,True
corgi,corgi_00009,17.68338966369629,19.2972354888916,0.1660553514957428,0.8339446783065796,True
corgi,corgi_00010,17.496822357177734,19.67924690246582,0.1013399064540863,0.8986600637435913,True
corgi,corgi_00011,18.98650360107422,21.287668228149414,0.09102655947208405,0.9089734554290771,True
corgi,corgi_00012,18.52411460876465,19.662843704223633,0.24255378544330597,0.7574462294578552,True
corgi,corgi_00013,18.471935272216797,20.140274047851562,0.15864579379558563,0.841354250907898,True
corgi,corgi_00014,18.298728942871094,19.57488441467285,0.21820536255836487,0.7817946672439575,True
corgi,corgi_00015,17.902751922607422,18.158397674560547,0.43643438816070557,0.5635656118392944,True
corgi,corgi_00016,18.201053619384766,19.57434844970703,0.20208801329135895,0.7979119420051575,True
corgi,corgi_00017,17.79078483581543,18.842397689819336,0.2589154839515686,0.7410844564437866,True
corgi,corgi_00018,18.968585968017578,20.53343963623047,0.17295128107070923,0.8270487189292908,True
corgi,corgi_00019,18.912460327148438,19.182146072387695,0.43298423290252686,0.5670157670974731,True
corgi,corgi_00020,18.616107940673828,19.198280334472656,0.3584328591823578,0.6415671110153198,True
corgi,corgi_00021,18.179367065429688,18.795238494873047,0.35072100162506104,0.649278998374939,True
corgi,corgi_00022,19.605268478393555,21.287363052368164,0.15681830048561096,0.8431816697120667,True
corgi,corgi_00023,18.98048973083496,19.670534133911133,0.33402323722839355,0.6659768223762512,True
corgi,corgi_00024,17.689292907714844,18.542503356933594,0.2987598180770874,0.7012401819229126,True
doberman,doberman_00000,18.524322509765625,18.689456939697266,0.4588099718093872,0.5411900281906128,True
doberman,doberman_00001,17.37778663635254,18.3685245513916,0.27076634764671326,0.7292336225509644,True
doberman,doberman_00002,18.257598876953125,19.0323543548584,0.3154512941837311,0.6845486760139465,True
doberman,doberman_00003,17.888134002685547,18.33513069152832,0.39007505774497986,0.6099249124526978,True
doberman,doberman_00004,18.656740188598633,18.775747299194336,0.47028329968452454,0.5297167301177979,True
doberman,doberman_00005,18.713314056396484,19.157695770263672,0.3906974196434021,0.6093026399612427,True
doberman,doberman_00006,18.05959129333496,18.92466926574707,0.29627951979637146,0.7037205100059509,True
doberman,doberman_00007,17.34062957763672,17.732221603393555,0.4033341109752655,0.5966658592224121,True
doberman,doberman_00008,17.226850509643555,18.765687942504883,0.17670434713363647,0.8232956528663635,True
doberman,doberman_00009,18.831838607788086,19.19569969177246,0.4100252091884613,0.5899747610092163,True
doberman,doberman_00010,17.931718826293945,18.148353576660156,0.4460521340370178,0.5539478659629822,True
doberman,doberman_00011,18.041717529296875,18.883647918701172,0.3011283874511719,0.6988716125488281,True
doberman,doberman_00012,17.9252872467041,18.799989700317383,0.29427674412727356,0.705723226070404,True
doberman,doberman_00013,18.6387996673584,20.142141342163086,0.1819276660680771,0.8180723786354065,True
doberman,doberman_00014,18.151222229003906,18.80272102355957,0.3426518738269806,0.657348096370697,True
doberman,doberman_00015,18.214847564697266,19.31353759765625,0.24998542666435242,0.7500145435333252,True
doberman,doberman_00016,17.85946273803711,19.103721618652344,0.2236955463886261,0.7763044834136963,True
doberman,doberman_00017,18.04155921936035,19.30829429626465,0.2198166847229004,0.7801833748817444,True
doberman,doberman_00018,17.772396087646484,19.052364349365234,0.21755562722682953,0.7824443578720093,True
doberman,doberman_00019,17.61762237548828,18.520368576049805,0.288486510515213,0.7115135192871094,True
doberman,doberman_00020,17.52246856689453,18.5333309173584,0.2668111324310303,0.7331888675689697,True
doberman,doberman_00021,18.416118621826172,19.883005142211914,0.18741631507873535,0.8125836849212646,True
doberman,doberman_00022,17.367801666259766,18.56691551208496,0.23163288831710815,0.7683671116828918,True
doberman,doberman_00023,19.195974349975586,19.7587890625,0.3628964424133301,0.6371035575866699,True
doberman,doberman_00024,18.47027015686035,18.609657287597656,0.4652095139026642,0.5347904562950134,True
french_bulldog,french_bulldog_00000,18.841760635375977,19.678415298461914,0.3022398054599762,0.6977601647377014,True
french_bulldog,french_bulldog_00001,17.702478408813477,20.300012588500977,0.06929728388786316,0.9307027459144592,True
french_bulldog,french_bulldog_00002,18.269670486450195,19.42699432373047,0.2391538769006729,0.7608460783958435,True
french_bulldog,french_bulldog_00003,18.37989044189453,19.560504913330078,0.23494172096252441,0.7650582790374756,True
french_bulldog,french_bulldog_00004,17.82448959350586,19.99555015563965,0.10237953066825867,0.8976204991340637,True
french_bulldog,french_bulldog_00005,18.49501609802246,21.320966720581055,0.055937860161066055,0.9440621733665466,True
french_bulldog,french_bulldog_00006,18.290515899658203,19.585575103759766,0.21499770879745483,0.7850022912025452,True
french_bulldog,french_bulldog_00007,17.501447677612305,21.477293014526367,0.018417851999402046,0.9815821647644043,True
french_bulldog,french_bulldog_00008,17.30208396911621,19.532367706298828,0.09706377238035202,0.9029362201690674,True
french_bulldog,french_bulldog_00009,19.315521240234375,22.09673500061035,0.058347832411527634,0.941652238368988,True
french_bulldog,french_bulldog_00010,19.10625648498535,20.62099838256836,0.18023711442947388,0.8197628855705261,True
french_bulldog,french_bulldog_00011,18.68537139892578,21.02712059020996,0.08772382140159607,0.9122761487960815,True
french_bulldog,french_bulldog_00012,17.60111427307129,19.82146644592285,0.0979376882314682,0.9020623564720154,True
french_bulldog,french_bulldog_00013,18.97734260559082,20.3607234954834,0.2004665732383728,0.7995334267616272,True
french_bulldog,french_bulldog_00014,17.7249698638916,20.346147537231445,0.06778783351182938,0.9322121739387512,True
french_bulldog,french_bulldog_00015,18.32514190673828,19.763525009155273,0.19179585576057434,0.808204174041748,True
french_bulldog,french_bulldog_00016,18.443138122558594,19.36627769470215,0.28431859612464905,0.7156813740730286,True
french_bulldog,french_bulldog_00017,17.596437454223633,19.614675521850586,0.11730130761861801,0.8826987147331238,True
french_bulldog,french_bulldog_00018,17.66802978515625,17.508512496948242,0.5397949814796448,0.4602050185203552,False
french_bulldog,french_bulldog_00019,18.206100463867188,20.067764282226562,0.13450923562049866,0.865490734577179,True
french_bulldog,french_bulldog_00020,19.11865234375,20.600252151489258,0.18518589437007904,0.8148140907287598,True
french_bulldog,french_bulldog_00021,18.190011978149414,20.51317024230957,0.08922307938337326,0.9107769131660461,True
french_bulldog,french_bulldog_00022,17.960594177246094,20.332839965820312,0.08531372994184494,0.9146862626075745,True
french_bulldog,french_bulldog_00023,18.155651092529297,21.13032341003418,0.04858329892158508,0.9514167308807373,True
french_bulldog,french_bulldog_00024,18.21550941467285,19.03650665283203,0.30555200576782227,0.6944479942321777,True
german_shepherd,german_shepherd_00000,17.81737518310547,18.63867950439453,0.30548685789108276,0.6945131421089172,True
german_shepherd,german_shepherd_00001,19.62384033203125,19.53501319885254,0.5221921801567078,0.47780781984329224,False
german_shepherd,german_shepherd_00002,17.4626522064209,18.62449836730957,0.23833198845386505,0.7616680264472961,True
german_shepherd,german_shepherd_00003,18.50508689880371,19.202396392822266,0.3324090540409088,0.6675909757614136,True
german_shepherd,german_shepherd_00004,18.320741653442383,18.55279541015625,0.4422455132007599,0.5577545166015625,True
german_shepherd,german_shepherd_00005,18.01195526123047,18.338001251220703,0.4192030131816864,0.580797016620636,True
german_shepherd,german_shepherd_00006,18.222732543945312,19.51754379272461,0.21503955125808716,0.7849603891372681,True
german_shepherd,german_shepherd_00007,18.980335235595703,20.179441452026367,0.2316342443227768,0.7683656811714172,True
german_shepherd,german_shepherd_00008,19.56427764892578,19.88189125061035,0.4212574362754822,0.5787425637245178,True
german_shepherd,german_shepherd_00009,18.75520896911621,19.12034034729004,0.40971797704696655,0.5902820229530334,True
german_shepherd,german_shepherd_00010,18.217161178588867,19.383743286132812,0.23747335374355316,0.7625266909599304,True
german_shepherd,german_shepherd_00011,19.362857818603516,20.688262939453125,0.20992045104503632,0.7900795340538025,True
german_shepherd,german_shepherd_00012,20.281497955322266,21.51117706298828,0.22623758018016815,0.7737624049186707,True
german_shepherd,german_shepherd_00013,17.260971069335938,17.64702796936035,0.40466687083244324,0.5953330993652344,True
german_shepherd,german_shepherd_00014,18.268220901489258,19.046171188354492,0.31476181745529175,0.6852381825447083,True
german_shepherd,german_shepherd_00015,17.49641990661621,18.428300857543945,0.28254327178001404,0.7174566984176636,True
german_shepherd,german_shepherd_00016,17.987499237060547,19.326330184936523,0.2077023684978485,0.7922976016998291,True
german_shepherd,german_shepherd_00017,18.988391876220703,20.588254928588867,0.16800075769424438,0.8319992423057556,True
german_shepherd,german_shepherd_00018,18.752437591552734,19.605907440185547,0.29870548844337463,0.7012945413589478,True
german_shepherd,german_shepherd_00019,19.223526000976562,20.36635971069336,0.241800457239151,0.7581995129585266,True
german_shepherd,german_shepherd_00020,18.595888137817383,19.993379592895508,0.19821447134017944,0.8017855286598206,True
german_shepherd,german_shepherd_00021,18.309406280517578,20.02872085571289,0.15195946395397186,0.8480405211448669,True
german_shepherd,german_shepherd_00022,18.866031646728516,19.877506256103516,0.2666913866996765,0.7333086729049683,True
german_shepherd,german_shepherd_00023,17.435272216796875,18.32191276550293,0.29180359840393066,0.7081964612007141,True
german_shepherd,german_shepherd_00024,18.006654739379883,19.93488311767578,0.1269468069076538,0.873053252696991,True
golden_retriever,golden_retriever_00000,18.88903045654297,20.194721221923828,0.21320883929729462,0.7867911458015442,True
golden_retriever,golden_retriever_00001,18.77687644958496,20.79976463317871,0.11682067811489105,0.8831793665885925,True
golden_retriever,golden_retriever_00002,18.52240753173828,20.001724243164062,0.1855306625366211,0.8144693374633789,True
golden_retriever,golden_retriever_00003,18.934425354003906,20.653310775756836,0.15201477706432343,0.8479852080345154,True
golden_retriever,golden_retriever_00004,18.495296478271484,19.354907989501953,0.29742053151130676,0.7025794982910156,True
golden_retriever,golden_retriever_00005,19.30088996887207,20.684358596801758,0.200452521443367,0.799547553062439,True
golden_retriever,golden_retriever_00006,18.60417938232422,20.28345489501953,0.1571914255619049,0.8428086042404175,True
golden_retriever,golden_retriever_00007,17.199134826660156,18.387914657592773,0.23347723484039307,0.7665227651596069,True
golden_retriever,golden_retriever_00008,19.182233810424805,19.994943618774414,0.30731335282325745,0.6926866173744202,True
golden_retriever,golden_retriever_00009,17.454870223999023,18.407373428344727,0.27838170528411865,0.7216182947158813,True
golden_retriever,golden_retriever_00010,17.890169143676758,19.377653121948242,0.18429966270923615,0.8157002925872803,True
golden_retriever,golden_retriever_00011,18.81378173828125,19.690540313720703,0.293849915266037,0.7061500549316406,True
golden_retriever,golden_retriever_00012,18.56207275390625,18.885480880737305,0.4198454022407532,0.5801545977592468,True
golden_retriever,golden_retriever_00013,19.930858612060547,21.715545654296875,0.14372535049915314,0.8562746644020081,True
golden_retriever,golden_retriever_00014,20.132841110229492,19.82626724243164,0.576048731803894,0.42395123839378357,False
golden_retriever,golden_retriever_00015,18.50485610961914,21.014799118041992,0.0751640722155571,0.9248359799385071,True
golden_retriever,golden_retriever_00016,18.880828857421875,20.251270294189453,0.202548548579216,0.7974514365196228,True
golden_retriever,golden_retriever_00017,17.952665328979492,19.151199340820312,0.23173609375953674,0.7682638764381409,True
golden_retriever,golden_retriever_00018,18.26816749572754,19.535369873046875,0.21973654627799988,0.7802634835243225,True
golden_retriever,golden_retriever_00019,19.377071380615234,19.786409378051758,0.3990708887577057,0.6009291410446167,True
golden_retriever,golden_retriever_00020,18.814220428466797,19.689634323120117,0.29412904381752014,0.7058709859848022,True
golden_retriever,golden_retriever_00021,17.92729949951172,18.746463775634766,0.30594107508659363,0.6940589547157288,True
golden_retriever,golden_retriever_00022,18.368623733520508,18.793798446655273,0.3952791690826416,0.6047208905220032,True
golden_retriever,golden_retriever_00023,17.98785972595215,19.91382598876953,0.127197727560997,0.8728022575378418,True
golden_retriever,golden_retriever_00024,18.326610565185547,19.175413131713867,0.2996841073036194,0.7003158926963806,True
great_dane,great_dane_00000,18.74175453186035,20.24378776550293,0.18212248384952545,0.817877471446991,True
great_dane,great_dane_00001,18.054346084594727,17.84678077697754,0.5517058372497559,0.44829419255256653,False
great_dane,great_dane_00002,18.555212020874023,18.53375244140625,0.5053646564483643,0.49463531374931335,False
great_dane,great_dane_00003,18.193687438964844,19.624935150146484,0.19290433824062347,0.8070955872535706,True
great_dane,great_dane_00004,17.889257431030273,19.374391555786133,0.18465319275856018,0.8153468370437622,True
great_dane,great_dane_00005,18.943941116333008,20.268972396850586,0.20998245477676392,0.7900175452232361,True
great_dane,great_dane_00006,18.204345703125,18.91928482055664,0.3285084068775177,0.6714916229248047,True
great_dane,great_dane_00007,19.119091033935547,20.445018768310547,0.2098337709903717,0.7901662588119507,True
great_dane,great_dane_00008,18.261463165283203,19.68678855895996,0.19382809102535248,0.8061718940734863,True
great_dane,great_dane_00009,17.944103240966797,18.465667724609375,0.3724864721298218,0.6275135278701782,True
great_dane,great_dane_00010,19.076608657836914,19.902587890625,0.3044959008693695,0.6955040693283081,True
great_dane,great_dane_00011,18.171422958374023,18.93330955505371,0.3182367980480194,0.6817631721496582,True
great_dane,great_dane_00012,19.018203735351562,20.250511169433594,0.22577781975269318,0.7742221355438232,True
great_dane,great_dane_00013,18.287416458129883,19.805927276611328,0.17968091368675232,0.8203190565109253,True
great_dane,great_dane_00014,18.7039794921875,20.49958038330078,0.14238740503787994,0.8576126098632812,True
great_dane,great_dane_00015,17.92310333251953,19.24211883544922,0.21098214387893677,0.789017915725708,True
great_dane,great_dane_00016,18.9144344329834,19.616716384887695,0.33130648732185364,0.6686935424804688,True
great_dane,great_dane_00017,18.0031681060791,19.26161766052246,0.22124092280864716,0.7787591218948364,True
great_dane,great_dane_00018,17.449481964111328,18.103025436401367,0.3421914875507355,0.6578084826469421,True
great_dane,great_dane_00019,17.44576644897461,18.21637725830078,0.3163469731807709,0.6836529970169067,True
great_dane,great_dane_00020,18.34976577758789,19.3372859954834,0.27140218019485474,0.72859787940979,True
great_dane,great_dane_00021,18.77438735961914,19.464839935302734,0.33393239974975586,0.6660676002502441,True
great_dane,great_dane_00022,18.585790634155273,18.87769889831543,0.4275367558002472,0.5724632143974304,True
great_dane,great_dane_00023,18.030576705932617,19.050567626953125,0.2650291919708252,0.7349708080291748,True
great_dane,great_dane_00024,18.63809585571289,19.988840103149414,0.20574872195720673,0.7942512631416321,True
labrador_retriever,labrador_retriever_00000,17.293230056762695,19.201370239257812,0.12918993830680847,0.8708100318908691,True
labrador_retriever,labrador_retriever_00001,18.656890869140625,20.359575271606445,0.1541149914264679,0.8458850383758545,True
labrador_retriever,labrador_retriever_00002,17.441919326782227,18.521732330322266,0.25354140996932983,0.7464586496353149,True
labrador_retriever,labrador_retriever_00003,18.03181266784668,18.997821807861328,0.2756766974925995,0.7243233323097229,True
labrador_retriever,labrador_retriever_00004,19.480388641357422,19.661317825317383,0.4548906981945038,0.5451092720031738,True
labrador_retriever,labrador_retriever_00005,18.92750358581543,20.236286163330078,0.21269063651561737,0.7873093485832214,True
labrador_retriever,labrador_retriever_00006,18.747173309326172,19.15955924987793,0.3983401656150818,0.6016598343849182,True
labrador_retriever,labrador_retriever_00007,17.705509185791016,17.93426513671875,0.44305911660194397,0.5569409132003784,True
labrador_retriever,labrador_retriever_00008,18.853261947631836,19.088491439819336,0.44146230816841125,0.5585376620292664,True
labrador_retriever,labrador_retriever_00009,18.038225173950195,19.402545928955078,0.20353898406028748,0.7964610457420349,True
labrador_retriever,labrador_retriever_00010,16.929513931274414,18.0482177734375,0.24625179171562195,0.7537482380867004,True
labrador_retriever,labrador_retriever_00011,18.294527053833008,18.77288055419922,0.3826410174369812,0.6173589825630188,True
labrador_retriever,labrador_retriever_00012,18.526582717895508,19.414125442504883,0.29161718487739563,0.708382785320282,True
labrador_retriever,labrador_retriever_00013,19.085371017456055,19.876928329467773,0.3118343651294708,0.6881656050682068,True
labrador_retriever,labrador_retriever_00014,20.31212615966797,20.39190101623535,0.48006686568260193,0.5199331641197205,True
labrador_retriever,labrador_retriever_00015,17.956750869750977,19.571887969970703,0.1658766120672226,0.8341233730316162,True
labrador_retriever,labrador_retriever_00016,18.245805740356445,20.128944396972656,0.13202878832817078,0.8679712414741516,True
labrador_retriever,labrador_retriever_00017,19.29262351989746,19.678199768066406,0.4047826826572418,0.5952172875404358,True
labrador_retriever,labrador_retriever_00018,19.433727264404297,19.666749954223633,0.44200649857521057,0.557993471622467,True
labrador_retriever,labrador_retriever_00019,19.122636795043945,19.14896011352539,0.4934195578098297,0.5065804719924927,True
labrador_retriever,labrador_retriever_00020,18.855438232421875,19.632816314697266,0.3148852288722992,0.6851147413253784,True
labrador_retriever,labrador_retriever_00021,18.980850219726562,19.140771865844727,0.4601046144962311,0.5398954153060913,True
labrador_retriever,labrador_retriever_00022,18.534547805786133,19.10358428955078,0.3614591658115387,0.6385408639907837,True
labrador_retriever,labrador_retriever_00023,19.043258666992188,19.894447326660156,0.29918357729911804,0.7008164525032043,True
labrador_retriever,labrador_retriever_00024,18.06186866760254,19.166257858276367,0.24891838431358337,0.7510815858840942,True
pomeranian,pomeranian_00000,18.78692054748535,20.354110717773438,0.1726173311471939,0.8273826837539673,True
pomeranian,pomeranian_00001,18.78040313720703,19.375816345214844,0.35539379715919495,0.6446062326431274,True
pomeranian,pomeranian_00002,17.78389549255371,19.643861770629883,0.1347069889307022,0.8652929663658142,True
pomeranian,pomeranian_00003,19.1079158782959,20.697999954223633,0.1693720668554306,0.8306279182434082,True
pomeranian,pomeranian_00004,18.397647857666016,19.844343185424805,0.19051067531108856,0.8094893097877502,True
pomeranian,pomeranian_00005,18.464529037475586,20.52267837524414,0.11323151737451553,0.8867684602737427,True
pomeranian,pomeranian_00006,17.08970832824707,18.63583755493164,0.17564602196216583,0.8243539929389954,True
pomeranian,pomeranian_00007,17.704740524291992,19.169187545776367,0.18778811395168304,0.8122118711471558,True
pomeranian,pomeranian_00008,18.20183753967285,19.714462280273438,0.18055012822151184,0.8194498419761658,True
pomeranian,pomeranian_00009,17.575754165649414,19.12107276916504,0.17576342821121216,0.8242365121841431,True
pomeranian,pomeranian_00010,18.345672607421875,20.174053192138672,0.13843129575252533,0.8615687489509583,True
pomeranian,pomeranian_00011,17.27869987487793,18.597156524658203,0.21107518672943115,0.7889248728752136,True
pomeranian,pomeranian_00012,17.90730857849121,18.976484298706055,0.25555986166000366,0.7444401383399963,True
pomeranian,pomeranian_00013,18.381391525268555,18.90537452697754,0.3719213306903839,0.6280786395072937,True
pomeranian,pomeranian_00014,18.022878646850586,19.668603897094727,0.16168752312660217,0.8383124470710754,True
pomeranian,pomeranian_00015,18.269317626953125,17.68370246887207,0.6423584818840027,0.3576415777206421,False
pomeranian,pomeranian_00016,18.29056167602539,20.450603485107422,0.10339657217264175,0.8966034054756165,True
pomeranian,pomeranian_00017,17.76604652404785,19.222017288208008,0.18908438086509705,0.8109156489372253,True
pomeranian,pomeranian_00018,17.45211410522461,19.45081901550293,0.1193389743566513,0.8806610107421875,True
pomeranian,pomeranian_00019,19.490245819091797,19.96172332763672,0.38426658511161804,0.6157334446907043,True
pomeranian,pomeranian_00020,17.8978328704834,19.67702865600586,0.14440245926380157,0.8555974960327148,True
pomeranian,pomeranian_00021,18.13434410095215,18.710041046142578,0.3599233329296112,0.6400766968727112,True
pomeranian,pomeranian_00022,17.887964248657227,19.696321487426758,0.14083677530288696,0.8591631650924683,True
pomeranian,pomeranian_00023,19.270639419555664,20.039623260498047,0.31669896841049194,0.6833010315895081,True
pomeranian,pomeranian_00024,19.31414222717285,19.722156524658203,0.3993883430957794,0.6006116271018982,True
pug,pug_00000,18.611753463745117,19.826929092407227,0.22878657281398773,0.7712134122848511,True
pug,pug_00001,17.196170806884766,19.2186336517334,0.11686456948518753,0.8831354975700378,True
pug,pug_00002,17.922306060791016,18.96424102783203,0.2607768177986145,0.7392231822013855,True
pug,pug_00003,17.608522415161133,18.408565521240234,0.31001630425453186,0.6899837255477905,True
pug,pug_00004,18.082115173339844,19.059417724609375,0.2734273374080658,0.7265726327896118,True
pug,pug_00005,19.201374053955078,20.71488380432129,0.18041923642158508,0.8195807337760925,True
pug,pug_00006,19.05002212524414,20.527938842773438,0.1857423037290573,0.8142576813697815,True
pug,pug_00007,18.85434913635254,20.878986358642578,0.1166403517127037,0.8833596706390381,True
pug,pug_00008,18.37371063232422,20.593952178955078,0.09794746339321136,0.9020525813102722,True
pug,pug_00009,18.01861000061035,20.874006271362305,0.054403048008680344,0.9455969333648682,True
pug,pug_00010,18.50901985168457,19.15089225769043,0.3448233902454376,0.65517657995224,True
pug,pug_00011,17.772071838378906,18.760828018188477,0.271157830953598,0.7288421392440796,True
pug,pug_00012,18.47290802001953,19.983287811279297,0.1808825135231018,0.8191174268722534,True
pug,pug_00013,17.080854415893555,18.331480026245117,0.22259186208248138,0.7774081826210022,True
pug,pug_00014,18.37820816040039,19.290563583374023,0.2865180969238281,0.7134819030761719,True
pug,pug_00015,17.423418045043945,19.431713104248047,0.11833475530147552,0.8816652894020081,True
pug,pug_00016,17.715965270996094,18.89385223388672,0.23543234169483185,0.7645676732063293,True
pug,pug_00017,18.547475814819336,19.652936935424805,0.2487180382013321,0.7512819766998291,True
pug,pug_00018,17.871294021606445,18.85044288635254,0.27306070923805237,0.72693932056427,True
pug,pug_00019,18.04218864440918,19.919687271118164,0.13267646729946136,0.8673235774040222,True
pug,pug_00020,18.132953643798828,18.9228458404541,0.31219181418418884,0.6878082156181335,True
pug,pug_00021,18.7678165435791,21.405115127563477,0.06677617877721786,0.9332238435745239,True
pug,pug_00022,17.870086669921875,18.770715713500977,0.2889212369918823,0.7110787630081177,True
pug,pug_00023,17.992708206176758,19.749523162841797,0.1471896916627884,0.8528103232383728,True
pug,pug_00024,18.45785140991211,19.816329956054688,0.20448768138885498,0.795512318611145,True
rottweiler,rottweiler_00000,19.020112991333008,19.79768180847168,0.3148441016674042,0.6851559281349182,True
rottweiler,rottweiler_00001,18.5693302154541,19.922855377197266,0.2052946388721466,0.7947053909301758,True
rottweiler,rottweiler_00002,17.68894386291504,19.692541122436523,0.1188257560133934,0.8811742663383484,True
rottweiler,rottweiler_00003,18.129837036132812,19.182985305786133,0.2586210072040558,0.7413790225982666,True
rottweiler,rottweiler_00004,17.24311065673828,19.321327209472656,0.11123216897249222,0.8887678980827332,True
rottweiler,rottweiler_00005,18.202428817749023,19.10003089904785,0.2895435094833374,0.7104564309120178,True
rottweiler,rottweiler_00006,17.54063606262207,20.13313865661621,0.06962250173091888,0.9303774833679199,True
rottweiler,rottweiler_00007,17.381078720092773,17.749147415161133,0.4090077877044678,0.5909921526908875,True
rottweiler,rottweiler_00008,18.85260581970215,18.91682243347168,0.4839513599872589,0.5160486102104187,True
rottweiler,rottweiler_00009,18.22311782836914,19.57118034362793,0.20618730783462524,0.7938126921653748,True
rottweiler,rottweiler_00010,19.071752548217773,20.43225860595703,0.20415806770324707,0.7958418726921082,True
rottweiler,rottweiler_00011,18.71564483642578,19.50849723815918,0.31155654788017273,0.6884434819221497,True
rottweiler,rottweiler_00012,18.571245193481445,19.808462142944336,0.22492080926895142,0.7750792503356934,True
rottweiler,rottweiler_00013,17.360139846801758,18.44312858581543,0.252940833568573,0.747059166431427,True
rottweiler,rottweiler_00014,18.162405014038086,18.723472595214844,0.36330050230026245,0.6366995573043823,True
rottweiler,rottweiler_00015,17.958955764770508,19.524192810058594,0.17289644479751587,0.8271034955978394,True
rottweiler,rottweiler_00016,17.932687759399414,18.952503204345703,0.2650633454322815,0.7349366545677185,True
rottweiler,rottweiler_00017,18.222209930419922,20.304475784301758,0.11083246767520905,0.8891674876213074,True
rottweiler,rottweiler_00018,17.91129493713379,17.538637161254883,0.5921010375022888,0.40789899230003357,False
rottweiler,rottweiler_00019,16.916688919067383,18.978199005126953,0.11289451271295547,0.8871055245399475,True
rottweiler,rottweiler_00020,18.187837600708008,18.435714721679688,0.43834611773490906,0.5616539120674133,True
rottweiler,rottweiler_00021,18.662199020385742,19.416345596313477,0.3199184834957123,0.6800815463066101,True
rottweiler,rottweiler_00022,17.841772079467773,18.56104850769043,0.32755234837532043,0.672447681427002,True
rottweiler,rottweiler_00023,18.192760467529297,19.040712356567383,0.29986268281936646,0.7001373171806335,True
rottweiler,rottweiler_00024,17.69521713256836,19.003808975219727,0.21272258460521698,0.7872774600982666,True
samoyed,samoyed_00000,18.012027740478516,20.02696418762207,0.1176435798406601,0.8823564052581787,True
samoyed,samoyed_00001,18.210573196411133,18.795703887939453,0.35775288939476013,0.6422471404075623,True
samoyed,samoyed_00002,17.245338439941406,19.351694107055664,0.10848060995340347,0.8915193676948547,True
samoyed,samoyed_00003,17.902408599853516,18.59490394592285,0.3334782123565674,0.6665217876434326,True
samoyed,samoyed_00004,17.640300750732422,19.484907150268555,0.13650742173194885,0.8634926080703735,True
samoyed,samoyed_00005,17.61859893798828,18.772262573242188,0.23982055485248566,0.7601794600486755,True
samoyed,samoyed_00006,17.588394165039062,19.71306610107422,0.10672186315059662,0.8932781219482422,True
samoyed,samoyed_00007,18.841230392456055,19.69183349609375,0.29930636286735535,0.700693666934967,True
samoyed,samoyed_00008,18.302940368652344,18.558879852294922,0.4363621473312378,0.563637912273407,True
samoyed,samoyed_00009,18.437782287597656,19.146526336669922,0.3298763930797577,0.6701235771179199,True
samoyed,samoyed_00010,18.335956573486328,18.92498016357422,0.35685890913009644,0.6431411504745483,True
samoyed,samoyed_00011,18.87135124206543,20.41422462463379,0.17611797153949738,0.8238820433616638,True
samoyed,samoyed_00012,18.083229064941406,18.93997573852539,0.29801952838897705,0.701980471611023,True
samoyed,samoyed_00013,18.288589477539062,19.46204376220703,0.23623116314411163,0.7637687921524048,True
samoyed,samoyed_00014,17.579261779785156,19.388601303100586,0.14071796834468842,0.8592820763587952,True
samoyed,samoyed_00015,19.046831130981445,20.300235748291016,0.22211132943630219,0.7778886556625366,True
samoyed,samoyed_00016,18.084964752197266,20.729785919189453,0.06630892306566238,0.9336910247802734,True
samoyed,samoyed_00017,18.33345603942871,18.820777893066406,0.3805246949195862,0.6194753646850586,True
samoyed,samoyed_00018,18.8603572845459,20.043912887573242,0.2344134896993637,0.7655864953994751,True
samoyed,samoyed_00019,19.523086547851562,20.420494079589844,0.2895835340023041,0.7104164361953735,True
samoyed,samoyed_00020,18.896324157714844,19.564428329467773,0.338921457529068,0.6610785126686096,True
samoyed,samoyed_00021,18.857797622680664,19.152366638183594,0.4268856644630432,0.5731143355369568,True
samoyed,samoyed_00022,17.48082160949707,18.368635177612305,0.2915612757205963,0.7084387540817261,True
samoyed,samoyed_00023,18.006175994873047,19.540569305419922,0.17735180258750916,0.8226482272148132,True
samoyed,samoyed_00024,18.262413024902344,19.25206756591797,0.2709803283214569,0.7290197014808655,True
shih_tzu,shih_tzu_00000,18.87526512145996,19.749319076538086,0.29441145062446594,0.7055885195732117,True
shih_tzu,shih_tzu_00001,17.428627014160156,17.384313583374023,0.5110765695571899,0.48892349004745483,False
shih_tzu,shih_tzu_00002,17.71778678894043,18.902189254760742,0.23426152765750885,0.7657384276390076,True
shih_tzu,shih_tzu_00003,18.520822525024414,21.03277015686035,0.07502483576536179,0.9249751567840576,True
shih_tzu,shih_tzu_00004,18.957372665405273,21.028339385986328,0.11195091158151627,0.8880491256713867,True
shih_tzu,shih_tzu_00005,17.8729190826416,20.699081420898438,0.05592667683959007,0.9440733194351196,True
shih_tzu,shih_tzu_00006,18.041034698486328,18.672483444213867,0.34718215465545654,0.6528179049491882,True
shih_tzu,shih_tzu_00007,18.222187042236328,19.469045639038086,0.22324441373348236,0.7767556309700012,True
shih_tzu,shih_tzu_00008,17.49642562866211,19.462934494018555,0.12276436388492584,0.8772356510162354,True
shih_tzu,shih_tzu_00009,17.59463882446289,19.43315887451172,0.1372264325618744,0.862773597240448,True
shih_tzu,shih_tzu_00010,18.2228946685791,19.051227569580078,0.3039976954460144,0.6960023045539856,True
shih_tzu,shih_tzu_00011,18.224042892456055,18.973697662353516,0.32089653611183167,0.6791034936904907,True
shih_tzu,shih_tzu_00012,18.287904739379883,19.420738220214844,0.24363858997821808,0.7563614249229431,True
shih_tzu,shih_tzu_00013,17.89063835144043,20.027624130249023,0.10555363446474075,0.8944463729858398,True
shih_tzu,shih_tzu_00014,18.514921188354492,19.507205963134766,0.2704610228538513,0.7295389771461487,True
shih_tzu,shih_tzu_00015,18.843469619750977,20.947418212890625,0.10871361941099167,0.8912863731384277,True
shih_tzu,shih_tzu_00016,19.097553253173828,21.12888526916504,0.11595230549573898,0.8840476870536804,True
shih_tzu,shih_tzu_00017,18.90951919555664,20.679412841796875,0.1455555409193039,0.8544443845748901,True
shih_tzu,shih_tzu_00018,18.245014190673828,20.09291648864746,0.13611938059329987,0.8638805747032166,True
shih_tzu,shih_tzu_00019,18.06597137451172,20.092533111572266,0.11644219607114792,0.8835577964782715,True
shih_tzu,shih_tzu_00020,17.485422134399414,17.808752059936523,0.4198644161224365,0.5801355242729187,True
shih_tzu,shih_tzu_00021,18.84195327758789,19.43696403503418,0.3554859757423401,0.6445140242576599,True
shih_tzu,shih_tzu_00022,17.83080291748047,20.873281478881836,0.045543309301137924,0.9544566869735718,True
shih_tzu,shih_tzu_00023,18.91414451599121,20.350791931152344,0.1920650601387024,0.8079349994659424,True
shih_tzu,shih_tzu_00024,18.841089248657227,19.399139404296875,0.36399874091148376,0.6360012888908386,True
siberian_husky,siberian_husky_00000,16.296947479248047,17.36264419555664,0.25622230768203735,0.7437776923179626,True
siberian_husky,siberian_husky_00001,17.83485984802246,18.6607666015625,0.30451127886772156,0.6954887509346008,True
siberian_husky,siberian_husky_00002,18.041736602783203,18.535167694091797,0.37908560037612915,0.6209143996238708,True
siberian_husky,siberian_husky_00003,18.292333602905273,19.578834533691406,0.216445654630661,0.7835543155670166,True
siberian_husky,siberian_husky_00004,18.358715057373047,18.734071731567383,0.40724730491638184,0.5927526950836182,True
siberian_husky,siberian_husky_00005,17.96981430053711,19.703289031982422,0.15014366805553436,0.8498563170433044,True
siberian_husky,siberian_husky_00006,17.754497528076172,18.465694427490234,0.32933443784713745,0.6706655621528625,True
siberian_husky,siberian_husky_00007,17.666053771972656,18.824674606323242,0.2389179766178131,0.7610819935798645,True
siberian_husky,siberian_husky_00008,17.010883331298828,19.121524810791016,0.10806681960821152,0.8919331431388855,True
siberian_husky,siberian_husky_00009,17.343889236450195,18.573049545288086,0.22632840275764465,0.773671567440033,True
siberian_husky,siberian_husky_00010,19.1258487701416,19.87940788269043,0.3200462758541107,0.6799536943435669,True
siberian_husky,siberian_husky_00011,18.16384506225586,19.170228958129883,0.267688125371933,0.7323118448257446,True
siberian_husky,siberian_husky_00012,17.70349884033203,18.332094192504883,0.34782910346984863,0.6521708965301514,True
siberian_husky,siberian_husky_00013,16.64695930480957,18.347484588623047,0.154396653175354,0.8456032872200012,True
siberian_husky,siberian_husky_00014,18.042207717895508,20.779518127441406,0.060807324945926666,0.9391927123069763,True
siberian_husky,siberian_husky_00015,17.861553192138672,18.331045150756836,0.38473647832870483,0.6152634620666504,True
siberian_husky,siberian_husky_00016,18.61252784729004,19.018997192382812,0.3997589945793152,0.6002410054206848,True
siberian_husky,siberian_husky_00017,19.281089782714844,20.249553680419922,0.27518677711486816,0.7248131632804871,True
siberian_husky,siberian_husky_00018,17.598743438720703,18.49365234375,0.2900978624820709,0.7099021673202515,True
siberian_husky,siberian_husky_00019,18.59001350402832,18.69686508178711,0.47331249713897705,0.526687502861023,True
siberian_husky,siberian_husky_00020,18.756834030151367,19.624126434326172,0.2958180010318756,0.704181969165802,True
siberian_husky,siberian_husky_00021,18.605138778686523,19.41908073425293,0.3070511221885681,0.6929488778114319,True
siberian_husky,siberian_husky_00022,18.051876068115234,18.799983978271484,0.32123371958732605,0.6787663102149963,True
siberian_husky,siberian_husky_00023,17.803386688232422,19.265628814697266,0.1881246566772461,0.8118753433227539,True
siberian_husky,siberian_husky_00024,17.922264099121094,18.391416549682617,0.38481688499450684,0.6151831746101379,True
standard_poodle,standard_poodle_00000,18.961223602294922,19.884626388549805,0.28426507115364075,0.7157348990440369,True
standard_poodle,standard_poodle_00001,17.651865005493164,19.14739227294922,0.1830935776233673,0.8169064521789551,True
standard_poodle,standard_poodle_00002,17.61507797241211,18.1894474029541,0.3602292239665985,0.6397708058357239,True
standard_poodle,standard_poodle_00003,18.34328842163086,19.031713485717773,0.3343835175037384,0.6656164526939392,True
standard_poodle,standard_poodle_00004,18.3033447265625,18.615825653076172,0.42250925302505493,0.5774906873703003,True
standard_poodle,standard_poodle_00005,17.201587677001953,18.235822677612305,0.2622638940811157,0.7377360463142395,True
standard_poodle,standard_poodle_00006,19.667999267578125,20.01751708984375,0.4134993553161621,0.5865005850791931,True
standard_poodle,standard_poodle_00007,17.991241455078125,18.54109001159668,0.36589956283569336,0.6341004371643066,True
standard_poodle,standard_poodle_00008,17.57233428955078,17.784751892089844,0.4470944106578827,0.5529056191444397,True
standard_poodle,standard_poodle_00009,18.716453552246094,19.254499435424805,0.36864230036735535,0.631357729434967,True
standard_poodle,standard_poodle_00010,18.052953720092773,18.813974380493164,0.3184247314929962,0.6815752983093262,True
standard_poodle,standard_poodle_00011,18.43098258972168,18.862083435058594,0.3938634991645813,0.6061365008354187,True
standard_poodle,standard_poodle_00012,18.009357452392578,19.50594711303711,0.1829347163438797,0.8170652389526367,True
standard_poodle,standard_poodle_00013,17.793991088867188,18.5068359375,0.3289705514907837,0.6710295081138611,True
standard_poodle,standard_poodle_00014,17.952415466308594,19.872982025146484,0.127798393368721,0.8722015619277954,True
standard_poodle,standard_poodle_00015,18.065290451049805,18.596328735351562,0.37027475237846375,0.6297252774238586,True
standard_poodle,standard_poodle_00016,18.17780113220215,19.19618034362793,0.26534324884414673,0.734656810760498,True
standard_poodle,standard_poodle_00017,17.61326026916504,18.01188087463379,0.4016438126564026,0.5983561873435974,True
standard_poodle,standard_poodle_00018,18.20549201965332,19.748533248901367,0.17609362304210663,0.823906421661377,True
standard_poodle,standard_poodle_00019,18.175201416015625,17.570720672607422,0.6466807126998901,0.3533192276954651,False
standard_poodle,standard_poodle_00020,17.66686248779297,18.11870002746582,0.3889239728450775,0.6110760569572449,True
standard_poodle,standard_poodle_00021,18.951196670532227,19.234941482543945,0.4295359253883362,0.5704640746116638,True
standard_poodle,standard_poodle_00022,17.99477195739746,18.721778869628906,0.3258518874645233,0.6741480827331543,True
standard_poodle,standard_poodle_00023,18.27312660217285,17.97661781311035,0.5735888481140137,0.42641115188598633,False
standard_poodle,standard_poodle_00024,18.730880737304688,19.745044708251953,0.26616576313972473,0.7338342666625977,True
yorkshire_terrier,yorkshire_terrier_00000,18.060344696044922,18.993698120117188,0.28224486112594604,0.717755138874054,True
yorkshire_terrier,yorkshire_terrier_00001,18.202228546142578,20.232990264892578,0.11601079255342484,0.8839892745018005,True
yorkshire_terrier,yorkshire_terrier_00002,19.259437561035156,19.902271270751953,0.3446062505245209,0.6553937196731567,True
yorkshire_terrier,yorkshire_terrier_00003,18.652729034423828,20.917871475219727,0.094051294028759,0.9059487581253052,True
yorkshire_terrier,yorkshire_terrier_00004,17.318082809448242,20.18167495727539,0.05398295819759369,0.9460169672966003,True
yorkshire_terrier,yorkshire_terrier_00005,17.958696365356445,19.876317977905273,0.12812700867652893,0.8718729615211487,True
yorkshire_terrier,yorkshire_terrier_00006,17.995492935180664,19.90706443786621,0.12880440056324005,0.8711955547332764,True
yorkshire_terrier,yorkshire_terrier_00007,17.880252838134766,19.794536590576172,0.12850037217140198,0.8714996576309204,True
yorkshire_terrier,yorkshire_terrier_00008,18.684246063232422,19.971126556396484,0.2163812816143036,0.7836187481880188,True
yorkshire_terrier,yorkshire_terrier_00009,18.37381935119629,21.503273010253906,0.04190853610634804,0.9580914378166199,True
yorkshire_terrier,yorkshire_terrier_00010,16.836320877075195,19.66097640991211,0.0560062937438488,0.9439937472343445,True
yorkshire_terrier,yorkshire_terrier_00011,16.99399757385254,19.16398811340332,0.10247790813446045,0.8975221514701843,True
yorkshire_terrier,yorkshire_terrier_00012,18.52657127380371,20.313274383544922,0.1434774100780487,0.8565225601196289,True
yorkshire_terrier,yorkshire_terrier_00013,18.584306716918945,20.693923950195312,0.10816557705402374,0.8918344378471375,True
yorkshire_terrier,yorkshire_terrier_00014,17.05388641357422,19.526371002197266,0.07780977338552475,0.9221903085708618,True
yorkshire_terrier,yorkshire_terrier_00015,18.939586639404297,19.115570068359375,0.4561173617839813,0.5438826680183411,True
yorkshire_terrier,yorkshire_terrier_00016,18.414161682128906,21.74283790588379,0.03460042178630829,0.9653995633125305,True
yorkshire_terrier,yorkshire_terrier_00017,16.987823486328125,18.610239028930664,0.16487200558185577,0.8351280093193054,True
yorkshire_terrier,yorkshire_terrier_00018,18.444345474243164,20.38529396057129,0.1255437135696411,0.8744563460350037,True
yorkshire_terrier,yorkshire_terrier_00019,17.9559326171875,19.37192726135254,0.19529026746749878,0.8047097325325012,True
yorkshire_terrier,yorkshire_terrier_00020,18.80613136291504,19.41267967224121,0.3528469502925873,0.6471530199050903,True
yorkshire_terrier,yorkshire_terrier_00021,16.717361450195312,18.307666778564453,0.16934092342853546,0.830659031867981,True
yorkshire_terrier,yorkshire_terrier_00022,17.39063835144043,17.896512985229492,0.3761610686779022,0.6238389015197754,True
yorkshire_terrier,yorkshire_terrier_00023,18.01005744934082,19.892850875854492,0.13206833600997925,0.8679316639900208,True
yorkshire_terrier,yorkshire_terrier_00024,17.923616409301758,19.294126510620117,0.2025374472141266,0.7974625825881958,True
